OBJECTID,fipco,joinkey,lead,name,acres,typenl,typeal,typeug,typerr,adopted,lastupdate,Shape_Leng,INSIDE_X,INSIDE_Y,PCA,Acreage,Shape__Area,Shape__Length,gdf_id,area_sq_m,1wl,1wl_intersect_sq_m,1wl_share_pct,1ug,1ug_intersect_sq_m,1ug_share_pct,1r,1r_intersect_sq_m,1r_share_pct,1ca,1ca_intersect_sq_m,1ca_share_pct
1,6095,SL4,Solano County,Blue Ridge Hills (Vaca Mountains),29486.951043436,1,1,0,0,2008, ,0.533503942061,-122.068324312,38.4234663398,1,29486.951043436,119329457.208984,55020.2534398494,0,119327716.43699116,1.0,74173370.86382598,0.6215938180882887,1.0,397882.4233630132,0.0033343671968541176,1.0,1454632.0761143425,0.012190228050516954,1,119327716.43699113,0.9999999999999998
2,6095,SL2,Solano County,Western Hills (including part of the Vallejo Lakes Property),10362.2263413124,1,1,0,1,2008, ,0.370219550486,-122.18109305,38.2589445091,1,10362.2263413124,41934442.2202148,37372.0638526067,1,41934231.624345034,1.0,27798285.406401057,0.6629019855526025,0.0,0.0,0.0,1.0,27448243.295035936,0.6545545782482105,1,30119278.821788535,0.7182504043856787
3,6001,AL24,East Bay Regional Park District (EBRPD),Cedar Mountain Area,17355.7273861181,1,0,0,1,2008, ,0.324308615743,-121.613960219,37.5709244444,1,17355.7273861181,70236136.8374023,31066.4312835068,2,70235546.4177458,1.0,70227184.68948205,0.9998809473451802,0.0,0.0,0.0,0.0,0.0,0.0,1,70224191.28255543,0.9998383278016686
4,6085,SC17,The Nature Conservancy,Soap Lake,3489.69773082095,1,1,0,1,2008, ,0.551850412772,-121.508073325,36.974778867,1,3489.69773082095,14122305.6757813,54316.1071159584,3,14122162.01229112,1.0,12955043.253651762,0.9173555183955853,1.0,87624.94655029522,0.006204782700696358,1.0,4952081.5413536215,0.3506602981217475,1,13871406.158983232,0.9822438056517377
5,6095,SL3,Solano County,Tri City and County Cooperative Planning Area,19179.9758348521,1,1,0,1,2008, ,0.506904671599,-122.16655968,38.1516540843,1,19179.9758348521,77618608.3886719,49349.9986063307,4,77618498.30683777,1.0,53638336.53248906,0.6910509440732612,1.0,17323078.15411369,0.22318234096249737,1.0,37322470.599404365,0.480845048713297,1,52707051.303482,0.6790527059042419
6,6095,SL1,City of Fairfield,Vacaville-Fairfield-Solano Greenbelt and Cement Hill,4545.21817313279,1,1,1,0,2008, ,0.363632282596,-121.967470732,38.3094033108,1,4545.21817313279,18393845.3544922,34392.8991168708,5,18393802.583856497,1.0,9765413.459627457,0.5309078106665214,1.0,3926233.8308104193,0.21345416821295654,1.0,10900887.234029375,0.5926391339872619,1,18393802.583856482,0.9999999999999992
7,6081,SM3,Midpeninsula Regional Open Space District,Gateway to the San Mateo County Coast,4882.72988695726,1,1,0,1,2008, ,0.173748348913,-122.396970411,37.4839713905,1,4882.72988695726,19759706.8022461,16532.0591661054,6,19759676.776490066,1.0,12570603.783102026,0.6361745652671024,1.0,747141.1575506254,0.037811405824186815,1.0,3572558.8210655795,0.1808004686248809,1,17659580.73945258,0.8937180976798079
8,6081,SM8,Midpeninsula Regional Open Space District,Upper San Gregorio Creek Headwaters,11719.514334935,1,1,0,1,2008, ,0.284807750459,-122.259405837,37.3491339454,1,11719.514334935,47427191.8535156,28568.3796129234,7,47427279.255930744,1.0,42252771.5823687,0.8908959620972782,1.0,108000.46583224816,0.0022771802963743233,1.0,21120486.34636374,0.44532359177493064,1,38094958.864757866,0.8032288476677506
9,6081,SM6,"National Park Service, Golden Gate National Recreation Area",Pacifica Conservation Area: South of Mussell Rock to McNee Ranch State Park,1646.96566748868,1,0,0,1,2008, ,0.439109587282,-122.509163941,37.576052682,1,1646.96566748868,6665033.58959961,42429.3722405069,8,6665076.061117568,1.0,112939.06164092664,0.016944902144445977,1.0,490485.2622573447,0.073590347320823,1.0,5938153.534778522,0.8909355992829947,1,2557729.955430972,0.3837510527977537
10,6081,SM2,Peninsula Open Space Trust,Lobitos Ridge Corridor,14207.9367936334,1,1,0,1,2008, ,0.313266804185,-122.386321709,37.4125459288,1,14207.9367936334,57497480.2624512,30660.228579869,9,57497434.385094896,1.0,48434757.15057128,0.842381189153147,1.0,926674.7113689708,0.01611680105867808,1.0,43085055.58090437,0.749338749488157,1,33928874.949240595,0.5900937200432026
11,6081,SM1,Peninsula Open Space Trust,Montara Mountain Complex,14989.5529794922,1,0,0,0,2008, ,0.381022498087,-122.468688809,37.5331424315,1,14989.5529794922,60660568.736084,37285.7621596222,10,60660801.72642355,1.0,10528010.48114539,0.17355541274620906,1.0,3859805.877111058,0.06362932515330977,1.0,22019163.672724117,0.36298833919190815,1,50072556.37511537,0.8254516087825462
12,6041,MR4,Marin Agricultural Land Trust,Marin County Agricultural Lands,91106.648610099,0,1,0,0,2008, ,6.62262056187,-122.767922119,38.1634198859,1,91106.648610099,368695526.064819,646751.593465434,11,437551488.98706347,1.0,360488264.2972003,0.8238762142753407,1.0,317178.53406343807,0.0007248941942757637,1.0,65768816.61988598,0.15031103373031943,1,25384709.26178032,0.0580153648215121
13,6041,MR15,Marin Audubon Society/Marin Baylands Advocates,"Central Marin Bayfront, Madera Bay Park",403.396110987893,1,0,0,0,2008, ,0.0678716038237,-122.508805334,37.932944026,1,403.396110987893,1632486.14208984,6826.2812408122,12,1632473.1918335806,0.0,0.0,0.0,1.0,49445.44768480811,0.030288673610175114,1.0,1632473.1716341313,0.9999999876264741,1,1621500.6614312127,0.9932785846302054
14,6041,MR18,Marin Audubon Society,"Central Marin Bayfront, Canalways",393.859621153743,1,0,0,0,2008, ,0.0889781704161,-122.494912098,37.9599190628,1,393.859621153743,1593893.33691406,8797.43695833526,13,1593884.5147685418,0.0,0.0,0.0,1.0,330523.90640740277,0.20737004679125093,1.0,1593884.5147685413,0.9999999999999997,1,1584506.646984585,0.9941163442538881
15,6041,MR14,Marin Audubon Society/Marin Baylands Advocates,St. Vincent's and Silveira Properties,1690.4172639172,1,0,0,0,2008, ,0.130253516356,-122.52128645,38.0376598649,1,1690.4172639172,6840875.96118164,12949.6201568586,14,6840848.908820366,1.0,4468209.610702452,0.6531659550236945,1.0,959865.8871404144,0.14031385577056013,1.0,5817092.7033873405,0.8503466135448442,1,4696891.091979859,0.6865947712898384
16,6041,MR12,Marin Conservation League,Bowman Canyon,3794.54477559328,1,1,0,1,2008, ,0.154308071296,-122.633919492,38.1391127286,1,3794.54477559328,15355977.8950195,15104.2882558991,15,15355926.654126411,1.0,15221667.513808405,0.991256851941141,1.0,6680.944440213232,0.0004350726980333644,1.0,1570314.6498471864,0.10226114549884327,1,422.1119763229905,2.7488538193138704e-05
17,6001,AL5,City of Oakland,East Bay Greenway,453.695560574016,1,0,0,0,2008, ,0.125580615664,-122.194555484,37.751982836,1,453.695560574016,1836040.79223633,12322.1612886616,16,1836041.2401719387,0.0,0.0,0.0,1.0,1816004.2863173494,0.9890868715711892,1.0,1836041.2401719408,1.000000000000001,1,1836041.2401719408,1.000000000000001
18,6041,MR10,Marin County Parks and Open Space Department,Big Rock Ridge Lands,3378.8235021604,1,0,0,0,2008, ,0.195956470324,-122.613747612,38.0734263739,1,3378.8235021604,13673613.5895996,18777.1210018105,17,13673562.206138605,1.0,5132404.291353707,0.3753523927400255,1.0,184251.23691137775,0.013474998989558116,1.0,10841854.636429014,0.7929063745774803,1,325489.1008461637,0.02380426518994726
19,6041,MR11,Marin County Parks and Open Space Department,Tiburon Ridge Lands,566.623948564679,1,0,0,0,2008, ,0.15048293738,-122.460247627,37.8911824228,1,566.623948564679,2293045.76757813,14558.3825495897,18,2293033.5963574713,1.0,34202.2154825457,0.014915706222916483,1.0,182387.5739134109,0.07953986117043253,1.0,2293033.5963574704,0.9999999999999996,1,1232878.2014825828,0.5376625111123683
20,6041,MR9,Marin County Parks and Open Space Department,Bothin Waterfront,203.540448299166,1,0,0,0,2008, ,0.0982625760007,-122.522991137,37.884875415,1,203.540448299166,823698.967285156,9653.66008104903,19,823693.6205418366,0.0,0.0,0.0,1.0,50091.51682650516,0.06081328734044862,1.0,823693.6205418373,1.0000000000000009,1,683293.1219681506,0.8295476678800442
21,6013,CC11,City of Lafayette,Lafayette Ridge,1243.40361192769,0,0,0,1,2008, ,0.12034154162,-122.123687969,37.9114103081,1,1243.40361192769,5031875.89257813,11244.9300954001,20,5031887.212761498,1.0,2465340.4340949603,0.48994350029200723,1.0,588377.9018715874,0.11692986686573321,1.0,2565929.2141746962,0.5099337695143836,1,5031887.212761498,1.0
22,6013,CC4,Town of Moraga,MOSO and NON-MOSO Open Space,2291.42887483293,1,0,0,0,2008, ,0.721302934386,-122.113702195,37.859512996,1,2291.42887483293,9273083.65527344,70288.3936912597,21,9550027.773390373,1.0,19.711166675341467,2.063990507992394e-06,1.0,3991058.8420618093,0.4179107052633142,1.0,9255353.648252554,0.9691441604014094,1,5828077.612856236,0.6102681323184466
23,6001,AL25,East Bay Regional Park District (EBRPD),Duarte Canyon Area,11956.8892539021,1,0,0,1,2008, ,0.322832517983,-121.540640929,37.5043741694,1,11956.8892539021,48387814.0686035,30459.3911290764,22,48387428.101716176,1.0,48096127.527458966,0.9939798293547477,0.0,0.0,0.0,0.0,0.0,0.0,1,48092380.06052205,0.9939023822350322
24,6001,AL22,East Bay Regional Park District (EBRPD),Chain of Lakes Area,1967.61287944584,1,0,0,1,2008, ,0.124087625501,-121.838818656,37.6829174993,1,1967.61287944584,7962646.81762695,11671.4305955397,23,7962622.582109701,1.0,60208.80979761266,0.007561429563783281,1.0,2621996.9681465756,0.32928811344614506,1.0,3686568.5269456725,0.4629842101556588,1,7962622.5821097,0.9999999999999999
25,6041,MR6,"National Park Service, Golden Gate National Recreation Area",North Golden Gate National Recreation Area Lagunitas Creek Parcels,337.460720907821,1,0,0,1,2008, ,0.0523636020412,-122.778722056,38.0735689243,1,337.460720907821,1365655.0871582,5136.34341008638,24,1365652.3069375758,1.0,107153.80449085357,0.07846345951052648,0.0,0.0,0.0,1.0,1365652.306937576,1.0000000000000002,1,232427.2268630965,0.17019502378632953
26,6041,MR3,Salmon Protection and Watershed Network,San Geronimo Valley Headwaters of the Lagunitas Watershed and Shore of Tomales Bay,6036.43482404638,1,0,0,1,2008, ,0.262478414558,-122.666966017,38.0141987869,1,6036.43482404638,24428585.0429688,25013.9089851329,25,24428479.45887043,1.0,14486585.498321725,0.5930203524420092,0.0,0.0,0.0,1.0,9589603.062462138,0.3925583284300561,1,12712870.948209668,0.5204118811248152
27,6001,AL3,City of Oakland,Ridgemont West,115.297211086014,1,0,0,0,2008, ,0.0471862133109,-122.171587467,37.7865782749,1,115.297211086014,466591.258789063,4605.15241263335,26,466592.15420444054,0.0,0.0,0.0,1.0,4715.0885130799725,0.010105374620195659,1.0,362027.4687312022,0.7758970344207232,1,466592.1542044406,1.0000000000000002
28,6041,MR2,Tomales Bay Watershed Council,Third Valley Creek/Chicken Ranch Beach Conservation Area,25.6645628499784,1,0,0,0,2008, ,0.0341418396702,-122.870577044,38.1087319078,1,25.6645628499784,103860.800048828,3196.29623619582,27,103860.71414149918,1.0,52223.65999918027,0.5028240026159563,0.0,0.0,0.0,1.0,77765.80250920671,0.7487508934635195,1,99246.17974009475,0.955569972346641
29,6041,MR5,"National Park Service, Golden Gate National Recreation Area",Marin City Ridge,66.5909288794211,1,0,0,1,2008, ,0.0371512639138,-122.519089655,37.8723315116,1,66.5909288794211,269483.927490234,3682.31746847246,28,269482.2589256079,0.0,0.0,0.0,1.0,4499.97200135614,0.016698583495985846,1.0,268026.661401048,0.9945985404368987,1,257740.01242360857,0.9564266436357844
30,6001,AL4,City of Oakland,"South Hills, San Leandro Creek",160.498876660655,1,0,0,0,2008, ,0.0576101098178,-122.134304819,37.7437251023,1,160.498876660655,649515.910400391,5687.29124034868,29,649515.0383657729,0.0,0.0,0.0,1.0,18899.9750354665,0.02909859498098799,1.0,629995.8910148796,0.9699481209857667,1,581181.1122681447,0.8947923880722434
31,6041,MR7,Marin County Parks and Open Space Department,Central Marin Ridge Lands,3060.64019395196,1,0,0,0,2008, ,0.226717051501,-122.610657909,38.0255433071,1,3060.64019395196,12385971.4230957,21830.1831667067,30,12385921.005472846,1.0,4996560.881618189,0.40340648704366894,1.0,1567956.045215309,0.12659180084569338,1.0,9806980.450750712,0.7917845145643507,1,1018316.6305560865,0.08221565680147103
32,6041,MR8,Marin County Parks and Open Space Department,North County Gateway,5638.51665600386,1,0,0,0,2008, ,0.435559481123,-122.584812056,38.16252419,1,5638.51665600386,22818267.3410645,41933.9938253234,31,22818195.1592025,1.0,19301005.255416617,0.8458602935400256,1.0,426677.2541036883,0.018698992235221146,1.0,15659375.633929824,0.6862670568234863,1,6591147.765753816,0.28885491248398004
33,6001,AL11,City of Albany,Albany Hill,36.518709015775,0,1,0,0,2008, ,0.0220040899077,-122.305701982,37.8954310674,1,36.518709015775,147785.972412109,2166.81140616616,32,147785.7101643773,0.0,0.0,0.0,1.0,17382.098701332085,0.11761691087723256,1.0,147785.71016437726,0.9999999999999998,1,3455.863876451185,0.023384289811290544
34,6001,AL18,City of Fremont,Site 1-Coyote Hills,379.622826440488,1,0,0,0,2008, ,0.0580674939526,-122.073365748,37.5518091508,1,379.622826440488,1536279.07202148,6209.53398615203,33,1536281.3127003342,1.0,989040.1964228647,0.6437884704100323,1.0,87048.63434549734,0.05666191056668602,1.0,1536281.3127003342,1.0,1,544198.6942994233,0.35423114881406764
35,6001,AL8,City of Livermore,"North Livermore, South Livermore Valley",28609.1766019856,1,1,0,1,2008, ,1.13831014553,-121.742276676,37.648210908,1,28609.1766019856,115777230.073242,109517.109053585,34,115776878.04367508,1.0,94960342.9513561,0.8202012746926355,1.0,9518563.422100265,0.08221471836984177,1.0,16569691.542335508,0.14311744989431174,1,95252724.67320229,0.8227266642763474
36,6001,AL7,Butters Land Trust,Butters Canyon/Headwaters of Peralta Creek,4.61583293905612,1,0,0,0,2008, ,0.00995179066445,-122.184040273,37.8076756392,1,4.61583293905612,18679.6137695313,949.163257503256,35,18679.646850465484,0.0,0.0,0.0,0.0,0.0,0.0,1.0,18679.6468504655,1.0000000000000009,1,18679.6468504655,1.0000000000000009
37,6001,MULTI6,East Bay Regional Park District (EBRPD),Bethany Reservoir Area,8386.76471157526,1,0,0,1,2008,05/02/2016,0.23493061379,-121.614305718,37.7776407645,1,8386.76471157526,33940032.6359863,22387.7596478691,36,33940058.782819524,1.0,33084495.47406688,0.9747919320285405,0.0,0.0,0.0,1.0,9996123.86555693,0.2945228801612145,1,33940058.782819524,1.0
38,6013,CC13,Contra Costa County,East Contra Costa County Habitat Conservation Plan/Natural Community Conservation Plan (ECCC HCP/NCCP),85902.8323795526,1,0,0,0,2008, ,3.46394101258,-121.64478456,37.890206781,1,85902.8323795526,347636428.924805,337830.307813927,37,374392352.249767,1.0,283851228.2598344,0.7581651349290109,1.0,47106892.41225116,0.12582226140352598,1.0,144275779.39062455,0.3853598464916676,1,358436331.8876328,0.9573815536929303
39,6001,AL26,East Bay Regional Park District (EBRPD),Potential Oakland Gateway Area,185.502868603313,1,0,0,1,2008, ,0.057056622955,-122.316994923,37.8234786729,1,185.502868603313,750703.478271484,5371.33317887342,38,750701.4202367146,0.0,0.0,0.0,1.0,573753.3313351945,0.7642896574703109,1.0,750701.4202367143,0.9999999999999996,1,598852.1116243902,0.7977234296900056
40,6001,AL28,East Bay Regional Park District (EBRPD),Potential Tesla Area,13644.1930539813,1,0,0,1,2008, ,0.2874047019,-121.606699507,37.621388129,1,13644.1930539813,55216090.2897949,27508.7636650349,39,55215638.077417746,1.0,55172770.56850956,0.9992236346368382,0.0,0.0,0.0,0.0,0.0,0.0,1,55170159.46418452,0.9991763454192187
41,6001,AL1,City of Oakland,Leona Canyon Creek Tributaries,44.3116919062526,1,0,0,0,2008, ,0.0374734038812,-122.149871969,37.7873036379,1,44.3116919062526,179323.055664063,3693.30108946924,40,179323.43152773488,0.0,0.0,0.0,1.0,4489.37290092699,0.025035060185275595,1.0,179323.43152773482,0.9999999999999997,1,179323.43152773482,0.9999999999999997
42,6001,AL2,City of Oakland,Temescal Creek/North Oakland,176.382150562172,1,0,0,0,2008,05/02/2016,0.0429296074824,-122.217264397,37.8509645788,1,176.382150562172,713793.239013672,4119.02255225685,41,713794.3114238647,1.0,558.7168480451139,0.0007827420856445257,1.0,34516.36137351925,0.04835617322960532,1.0,565982.0534028213,0.7929203754423455,1,713794.3114238649,1.0000000000000002
43,6001,AL17,City of Union City,Union City Hillside Area,2459.98416451008,1,0,0,1,2008, ,0.256353385174,-121.963981362,37.6113751231,1,2459.98416451008,9955202.71386719,25058.1673331926,42,9955163.103671141,1.0,133008.81080928163,0.01336078670175,1.0,3000082.982912309,0.3013595007605627,1.0,9841894.875886988,0.9886221625296744,1,591384.650487067,0.05940481781448498
44,6013,CC2,City of Hercules,Central Hercules and Waterfront District,543.172776005124,1,0,0,0,2008, ,0.0818427964298,-122.28317445,38.0145066335,1,543.172776005124,2198142.23681641,7799.03861273711,43,2198142.7753778626,0.0,0.0,0.0,1.0,1520561.4941710483,0.6917482845988757,1.0,2193554.030324185,0.9979124444940165,1,2043010.336855086,0.9294256768666407
45,6013,CC10,City of Lafayette,Burton Ridge,561.726453161942,0,0,0,1,2008, ,0.07684898653,-122.087161651,37.8722395012,1,561.726453161942,2273226.30371094,7993.49357561648,44,2273232.159238833,0.0,0.0,0.0,1.0,808053.2156465049,0.3554644484341066,1.0,2273232.1592388335,1.0000000000000002,1,2273232.1592388335,1.0000000000000002
46,6013,CC9,East Bay Municipal Utility District,Indian Valley,646.300590393565,1,0,0,0,2008, ,0.0889145560492,-122.151254102,37.830692198,1,646.300590393565,2615485.69384766,8563.69154837968,45,2615491.0927639278,1.0,812794.0703283598,0.31076155165546265,1.0,1375678.6899438528,0.5259733798175931,1.0,2613402.5675758184,0.9992014787609533,1,2575186.5381121566,0.9845900623545312
47,6013,CC17,East Bay Regional Park District (EBRPD),Point Edith Wetlands Area,3865.83113163927,1,0,0,1,2008, ,0.190849764031,-122.053286938,38.0396060261,1,3865.83113163927,15644463.5454102,18010.7640260618,46,15644496.846605662,1.0,946436.5413019882,0.06049645128135479,1.0,2421745.949956873,0.15479858340617145,1.0,9953007.90220879,0.63619865821177,1,13382429.942665622,0.8554081396084762
48,6013,CC12,"Contra Costa County, Community Development Department",Contra Costa County Agricultural Core,11200.8992102688,0,1,0,0,2008, ,0.375768329424,-121.661391903,37.9109595617,1,11200.8992102688,45328430.9074707,37043.6744754754,47,45328301.69073964,1.0,43600330.062915504,0.9618787476395315,1.0,426138.848880077,0.00940116512168236,1.0,20709397.0572655,0.45687564468130815,1,45328301.69073972,1.0000000000000018
49,6013,CC19,East Bay Regional Park District (EBRPD),Delta Recreation Area,13894.6751877275,1,0,0,1,2008, ,0.322863444798,-121.664229103,38.0435664333,1,13894.6751877275,56229755.5224609,31652.2750801481,48,56229510.16078046,1.0,14758210.710739568,0.26246379647520524,1.0,11296321.747384457,0.20089667711997128,1.0,11939220.82223302,0.21233015880975095,1,55723774.682149805,0.9910058708108149
50,6013,CC20,East Bay Regional Park District (EBRPD),Potential Pinole Watershed Area,2904.42076124058,1,0,0,1,2008, ,0.129852414882,-122.216406616,37.9856082709,1,2904.42076124058,11753773.8105469,12408.0101684251,49,11753790.684887618,1.0,9662530.256881107,0.8220777888536556,1.0,514801.817437873,0.04379879064034865,1.0,11690579.751667667,0.994622081087319,1,10141305.05182097,0.8628114387692905
51,6013,CC3,City of San Ramon,Big Canyon Preserve,100.844590989007,1,0,0,0,2008, ,0.0318591763902,-121.949434329,37.725802292,1,100.844590989007,408103.579833984,3129.24228657078,50,408102.3213603042,1.0,244434.42378010027,0.5989537696461538,1.0,96976.96849710733,0.23762905384575989,1.0,79620.00846476859,0.19509815136403966,1,408102.3213603034,0.999999999999998
52,6013,CC7,City of Walnut Creek,Acalanes Ridge Open Space,24.0360087587918,1,0,0,0,2008, ,0.0126569077688,-122.088465794,37.9084586145,1,24.0360087587918,97270.2766113281,1303.81695029513,51,97270.52393435541,0.0,0.0,0.0,1.0,57867.59644654626,0.5949139996983993,1.0,97270.52393435538,0.9999999999999997,1,97270.52393435538,0.9999999999999997
53,6085,SC22,Santa Clara County Open Space Authority,Rancho Ca√±ada,3779.61467112078,1,1,0,1,2008, ,0.365746720758,-121.827225341,37.1342557788,1,3779.61467112078,15295557.9060059,36113.0791037825,52,15295684.957829846,1.0,15294680.761384774,0.9999343477295826,0.0,0.0,0.0,1.0,1615080.9326281643,0.10559062487760026,1,15295684.95782984,0.9999999999999997
54,6085,SC12,Santa Clara County Parks & Recreation Department,Baylands,1022.48582570724,1,1,0,1,2008, ,0.139943532065,-121.954276661,37.4509448059,1,1022.48582570724,4137853.3293457,13550.3721483379,53,4137829.444494838,1.0,2520.0348977460144,0.0006090233857025661,1.0,10737.102742067253,0.0025948635356037686,1.0,3704680.749325082,0.8953198286734517,1,4137829.4444948407,1.0000000000000007
55,6085,SC24,Santa Clara County Open Space Authority,South County Agriculture,5648.74340166655,1,1,0,1,2008, ,0.368521873543,-121.526414366,36.95770708,1,5648.74340166655,22859653.5163574,36238.7712515241,54,22859416.97345203,1.0,20379386.122996993,0.8915094442988094,0.0,0.0,0.0,1.0,4339331.443695163,0.18982686429556278,1,21919580.384578742,0.9588862397512248
56,6085,SC4,Santa Clara County Parks & Recreation Department,Alum Rock Foothills,8674.93691002814,1,1,0,1,2008, ,0.484555534719,-121.753262535,37.3896875311,1,8674.93691002814,35106224.1520996,47203.9644680269,55,35106084.35401167,1.0,34792190.15678862,0.9910586952945898,1.0,3828.4814300084554,0.00010905464111012324,1.0,11832857.561971545,0.33706002192236434,1,33987250.45981501,0.9681299149482386
57,6085,SC26,Santa Clara County Parks & Recreation Department,Pescadero/Tar Creek,21054.6373671448,1,1,0,1,2008, ,0.677769120688,-121.620334222,36.9645771681,1,21054.6373671448,85205094.451416,66153.2130677656,56,85204034.44329615,1.0,72010654.3838604,0.8451554536632179,1.0,814263.7439640138,0.009556633665110208,1.0,23976021.787879124,0.2813953816216922,1,77048334.9993153,0.904280360698078
58,6085,SC3,Santa Clara County Parks & Recreation Department,East Berryessa Foothills,5761.37091211486,1,1,0,1,2008, ,0.398267916753,-121.826163797,37.4273127426,1,5761.37091211486,23315440.8740234,38971.6724601284,57,23315356.568996727,1.0,22040880.396634657,0.9453374788161384,1.0,178817.60730651283,0.007669520591604122,1.0,16484086.91753731,0.7070055681437356,1,16647334.54124508,0.7140072892293504
59,6097,SN14,Sonoma County Agricultural Preservation and Open Space District,Sonoma County Gateway,2775.90244701346,1,0,0,0,2008, ,0.133594481448,-122.611357645,38.1970752128,1,2775.90244701346,11233678.6462402,12862.7018451947,58,11233645.527354293,1.0,11042166.457479054,0.9829548591853837,0.0,0.0,0.0,1.0,5085382.634781858,0.4526921044819142,1,19797.058112460985,0.0017623004094489633
60,6097,SN16,Sonoma County Regional Parks Department,Russian River Access,15698.862486783,1,0,0,0,2008, ,1.18299378674,-122.819585054,38.627934738,1,15698.862486783,63531042.4719238,115944.825828569,59,63531283.40661077,1.0,37972098.89063418,0.5976913554162984,1.0,321452.21064895357,0.005059746843009702,1.0,45469685.77755159,0.7157054499676647,1,44758582.78809487,0.7045124919267332
61,6085,SC5,Santa Clara County Parks & Recreation Department,Joseph D. Grant to Coyote Ridge,4044.39497642889,1,0,0,1,2008, ,0.278505775942,-121.729295137,37.250524459,1,4044.39497642889,16367085.7841797,27771.3122630405,60,16366987.033389991,1.0,16366987.033389995,1.0000000000000002,0.0,0.0,0.0,1.0,11003902.617968332,0.6723230485561864,1,15117840.199762784,0.923678876809834
62,6085,SC6,Santa Clara County Parks & Recreation Department,East Coyote Foothills to Almaden Quicksilver,18019.7461959573,1,1,0,1,2008, ,1.49641098079,-121.679319937,37.192056542,1,18019.7461959573,72923325.6257324,144838.518813792,61,72923561.5443321,1.0,58536666.127331555,0.8027126608694999,1.0,956810.2702301109,0.013120728746201477,1.0,49445959.20524504,0.6780518965079013,1,48410789.2785821,0.6638566226520896
63,6085,SC27,Santa Clara County Parks & Recreation Department,Paradise Valley to Calero,14341.1661672203,1,1,0,1,2008, ,0.591882505997,-121.708772302,37.1316011819,1,14341.1661672203,58036640.4099121,57099.8124599571,62,58036653.361842275,1.0,47623573.898355745,0.8205775340186503,1.0,551435.1414190852,0.009501497923752454,1.0,1839310.4425696447,0.031692220967705687,1,52660510.53064714,0.9073664224283163
64,6097,SN17,Sonoma County Agricultural Preservation and Open Space District,Sonoma Mountain,43201.828771189,1,0,0,0,2008, ,0.523751952043,-122.585905718,38.3213047832,1,43201.828771189,174831598.222168,51545.4794110614,63,174831406.19444737,1.0,161763237.78053352,0.9252527409212769,1.0,267640.43772339984,0.0015308487390745479,1.0,45143137.889228255,0.258209545251956,1,88945869.86077099,0.5087522419275485
65,6097,SN9,Sonoma Land Trust,The Cedars,17159.8062420524,1,0,0,0,2008, ,0.317870146113,-123.105317471,38.6103808312,1,17159.8062420524,69443272.0981445,31212.5942678549,64,69443581.12913194,1.0,44651168.203228295,0.6429848155468598,0.0,0.0,0.0,0.0,0.0,0.0,1,69443581.12913193,0.9999999999999998
66,6085,SC7,Santa Clara County Parks & Recreation Department,Anderson/Coyote Connection,2840.48544231387,1,1,0,1,2008, ,0.302182113018,-121.568424191,37.1440482296,1,2840.48544231387,11495036.7568359,29704.8087378915,65,11494983.389281817,1.0,10858616.967723716,0.944639639744807,1.0,6320.7023951496085,0.000549866161706956,1.0,5570566.116789132,0.4846084529346301,1,11040851.53366039,0.9604930394205815
67,6085,SC10,Santa Clara County Parks & Recreation Department,Lexington Hills,10197.9223269806,1,1,0,1,2008, ,1.35925533035,-121.977957939,37.1739880282,1,10197.9223269806,41269527.4611816,132480.762423727,66,41495565.85386223,1.0,37662842.07886533,0.907635341364066,1.0,21600.174072554688,0.0005205417404988643,1.0,8852470.33360919,0.21333533237709154,1,41212768.66093775,0.993184881634813
68,6085,SC11,Santa Clara County Parks & Recreation Department,Sanborn Skyline,9405.18726180171,1,1,0,1,2008, ,1.24709456977,-122.081525334,37.2696900753,1,9405.18726180171,38061442.4716797,122508.127089027,67,38066077.617089875,1.0,33836011.84487691,0.8888757119983944,1.0,129710.45520805998,0.0034075077688021657,1.0,13170435.965154743,0.345988785543847,1,33991317.37035102,0.8929556050474325
69,6085,SC8,Santa Clara County Parks & Recreation Department,East Gilroy Foothills,6517.36661704624,1,1,0,1,2008, ,0.296827650392,-121.493860321,37.0318379911,1,6517.36661704624,26374846.9504395,29986.3622602233,68,26374669.23965045,1.0,24944738.45542366,0.9457839349098983,0.0,0.0,0.0,1.0,10960373.734452382,0.41556440518219145,1,19372355.304250043,0.7345060947769743
70,6085,SC9,Santa Clara County Parks & Recreation Department,South County Regional Trail Connection,7697.90185005152,1,1,0,1,2008, ,1.24485867267,-121.390881535,36.966194432,1,7697.90185005152,31152303.5422363,120702.168614656,69,31151999.47629831,1.0,27186282.326005585,0.8726978294504018,1.0,12084.830599854024,0.00038793113774442144,1.0,8010017.5032839235,0.2571269144177492,1,24293603.295806807,0.7798408995958784
71,6085,SC1,Midpeninsula Regional Open Space District,Upper Stevens Creek Watershed Area,4382.63696151057,1,1,0,1,2008, ,0.169389273183,-122.095988674,37.2776692788,1,4382.63696151057,17735902.534668,15917.3799900435,70,17735873.49054997,1.0,16438990.800985264,0.9268779916446905,1.0,74299.52964697753,0.0041892230279250596,1.0,11055370.201602833,0.6233338441150562,1,16955234.90946764,0.9559853321293553
72,6001,MULTI5,"San Mateo County, on behalf of the State Coastal Conservancy",San Francisco Bay Area Water Trail,2.06656477047976,0,0,0,1,2015,07/16/2015,0.0140706587306,-122.316779883,37.888971631,1,2.06656477047976,8363.09057617188,1377.13589780142,71,8363.07779889328,1.0,464.6172155551754,0.05555576866888169,1.0,2280.530231459921,0.2726903044907358,1.0,8363.077798893279,0.9999999999999998,1,7816.162881245684,0.9346036314860096
73,6085,SC2,Midpeninsula Regional Open Space District,Upper Los Gatos Creek Watershed,7791.46992254772,1,0,0,1,2008, ,0.275300065154,-121.919216662,37.1339632363,1,7791.46992254772,31530960.0959473,26439.8580920449,72,31531200.72969595,1.0,30057894.22759299,0.9532746464451826,0.0,0.0,0.0,1.0,2501362.0256316112,0.07932974221548877,1,31009048.229957853,0.9834401327049263
74,6097,SN4,Laguna de Santa Rosa Foundation,Laguna de Santa Rosa,6949.27670956691,1,0,0,0,2008, ,0.849735998648,-122.798116339,38.386737806,1,6949.27670956691,28122725.0812988,82002.7761338888,73,28122941.30699747,1.0,22566822.790255073,0.8024346580220633,1.0,1110851.8960732485,0.039499847613622456,1.0,10256027.333002415,0.36468544385329066,1,22514229.051298972,0.8005645215245336
75,6097,SN5,Laguna de Santa Rosa Foundation,Santa Rosa Plain,14662.0211992691,1,0,0,0,2008, ,0.707900297399,-122.785822611,38.4269477587,1,14662.0211992691,59335094.6555176,68868.4695336594,74,59335504.72509888,1.0,52615606.69397536,0.886747436256643,1.0,447303.535082223,0.007538547740591038,1.0,6766984.785896299,0.1140461316921076,1,9217115.124974333,0.15533895207729648
76,6097,SN6,Save-the-Redwoods League,Coastal Sonoma to Armstrong Redwoods,169991.588583902,1,0,0,0,2008, ,2.39127215939,-123.162842594,38.559314693,1,169991.588583902,687931552.022949,230600.458436226,75,687933088.5996491,1.0,638359515.6654865,0.9279383798283724,0.0,0.0,0.0,1.0,79238832.40966125,0.11518392373153494,1,632076688.2188655,0.9188054749707063
77,6097,SN11,Sonoma County Agricultural Preservation and Open Space District,Coastal Access and Resource Protection,55609.1284719346,1,0,0,0,2008, ,2.39153126249,-123.165886829,38.4761866507,1,55609.1284719346,225042158.704346,231539.808684053,76,225042602.96835494,1.0,187609413.36587647,0.8336617640005601,0.0,0.0,0.0,1.0,97430578.22180793,0.4329428158787713,1,121167803.17046788,0.53842162138298
78,6097,SN12,Sonoma County Agricultural Preservation and Open Space District,Coastal Agriculture,64293.363666782,1,0,0,0,2008, ,1.43543679553,-122.823057039,38.2892840239,1,64293.363666782,260186011.67395,137293.224407504,77,260186776.427212,1.0,251942535.81241888,0.9683141444465396,1.0,80972.63603867531,0.00031120965158399445,1.0,45014586.360697895,0.1730087400244603,1,3025717.762613129,0.011629022059311236
79,6097,SN8,Sonoma Land Trust,Sonoma Baylands,31344.3790081698,1,0,0,0,2008, ,0.539114910931,-122.451787325,38.1711712306,1,31344.3790081698,126846201.48999,51820.6619587249,78,126846063.6558669,1.0,121310292.27178317,0.9563583510237869,0.0,0.0,0.0,1.0,42749227.81621149,0.33701658990530486,1,80810491.19388114,0.6370752774253983
80,6097,SN10,Sonoma Land Trust,Northern Mayacamas,112972.55899021,1,0,0,0,2008, ,1.12040360359,-122.80983308,38.7429114951,1,112972.55899021,457183725.904663,106678.864676336,79,457182839.7095984,1.0,339291595.2963314,0.7421354561598347,1.0,46602.027503709505,0.00010193301991236376,1.0,5811075.708468086,0.012710616418059937,1,383528916.0092614,0.8388961323501953
81,6097,SN7,Sonoma Land Trust,Pitkin Marsh - Atascadero Creek Watershed,2341.58189715065,1,0,0,0,2008, ,0.154181955598,-122.872052064,38.4400300007,1,2341.58189715065,9476045.73864746,15727.8349280713,80,9476130.787126837,1.0,7067954.866751534,0.7458692820442316,1.0,112500.99007842924,0.011872038557262203,1.0,6968103.0405336125,0.735332088282241,1,2397575.0015329975,0.25301202098118597
82,6097,SN1,Sotoyome Resource Conservation District,Upper Mark West Watershed,19576.5733397147,1,0,0,0,2008, ,0.492808533728,-122.637636965,38.5310528405,1,19576.5733397147,79223581.5432129,47438.7457520483,81,79223546.65580848,1.0,68472053.6982405,0.86428917397149,0.0,0.0,0.0,1.0,2609638.4691437306,0.03294018734709598,1,64840932.66027898,0.8184553128122926
83,6097,SN2,Southern Sonoma County Resource Conservation District,Petaluma Watershed Southeastern Portion,18862.381735183,1,0,0,0,2008, ,0.385205018497,-122.501857943,38.171845372,1,18862.381735183,76333350.6652832,39192.0868415425,82,76333210.9169065,1.0,72051439.61575839,0.9439068362287407,0.0,0.0,0.0,1.0,20373159.28886014,0.2668977112863443,1,27782922.25745692,0.3639689975533766
84,6001,MULTI1,San Francisco Bay Trail Project,San Francisco Bay Trail - Bay Area Ridge Trail,266.418624878329,1,0,0,0,2008,01/09/2017,2.46279656019,-122.03415908,37.521445034,1,266.418624878329,1078157.93164063,237497.183128453,83,5131799.073959748,1.0,153830.38622195798,0.029975917608025305,1.0,2013300.605045401,0.3923186734378355,1.0,3082652.6365040387,0.6006962844952993,1,2811348.000993416,0.547828931038828
85,6013,MULTI1,San Francisco Bay Trail Project,San Francisco Bay Trail - Bay Area Ridge Trail,181.110077563831,1,0,0,0,2008,01/09/2017,1.6786229028,-122.179953397,38.021785808,1,181.110077563831,732926.486572266,161763.987120923,84,821530.1530449206,1.0,250056.1470327312,0.3043785381533748,1.0,334782.94969332544,0.4075114570688433,1.0,752530.1138321612,0.9160103388086029,1,609909.9104615214,0.7424072119580155
86,6041,MULTI1,San Francisco Bay Trail Project,San Francisco Bay Trail - Bay Area Ridge Trail,275.109836684506,1,0,0,0,2008,01/09/2017,2.5008938999,-122.483957096,37.941122816,1,275.109836684506,1113329.99145508,244112.53948121,85,3234697.504168743,1.0,168665.56844067512,0.052142609385670835,1.0,692495.9841280698,0.21408369197911395,1.0,2138036.6030521854,0.660969565252013,1,1197894.2040123278,0.37032649960886044
87,6055,MULTI1,San Francisco Bay Trail Project,San Francisco Bay Trail - Bay Area Ridge Trail,449.677983935637,1,0,0,0,2008,01/09/2017,4.05933484694,-122.440928721,38.569858074,1,449.677983935637,1819782.25805664,398039.581381845,86,11475070.706234733,1.0,3295407.1111463364,0.2871796780612295,1.0,97866.04296276701,0.008528578643928843,1.0,5347655.179573085,0.46602372364185535,1,4616834.620210018,0.40233604989480026
88,6075,MULTI1,San Francisco Bay Trail Project,San Francisco Bay Trail - Bay Area Ridge Trail,49.5084485628053,1,0,0,0,2008,01/09/2017,0.455545402218,-122.45275148,37.754452101,1,49.5084485628053,200353.590087891,43997.7869545615,87,302894.51012260735,0.0,0.0,0.0,1.0,149893.84942247948,0.4948714632094342,1.0,251623.78926684734,0.8307307688244123,1,109662.8803092955,0.3620497455200015
89,6081,MULTI1,San Francisco Bay Trail Project,San Francisco Bay Trail - Bay Area Ridge Trail,186.174578254613,1,0,0,0,2008,01/09/2017,1.68519273776,-122.405240791,37.619314965,1,186.174578254613,753421.790527344,165222.525158542,88,1542105.4484662532,1.0,218294.33785660268,0.14155603825517496,1.0,766498.5041320157,0.4970467518251489,1.0,1068580.2571795236,0.6929359196819593,1,1034509.2253410463,0.6708420791651752
90,6085,MULTI1,San Francisco Bay Trail Project,San Francisco Bay Trail - Bay Area Ridge Trail,481.765693147724,1,0,0,0,2008,01/09/2017,4.41402847497,-121.94016438,37.456411295,1,481.765693147724,1949636.58251953,432642.521116725,89,8085763.2161276145,1.0,2141414.1923537552,0.2648376084130879,1.0,1325439.5392034356,0.16392262595072715,1.0,5017698.301081656,0.6205596388320535,1,4228562.914664249,0.5229639802251552
91,6095,MULTI1,San Francisco Bay Trail Project,San Francisco Bay Trail - Bay Area Ridge Trail,289.196312508021,1,0,0,0,2008,01/09/2017,2.61622829987,-122.088589774,38.227810761,1,289.196312508021,1170335.94506836,253793.228277657,90,1687242.1619079139,1.0,455688.8987794067,0.27007913212891677,1.0,506549.6533259752,0.3002234443650784,1.0,1156538.6478924365,0.6854609693872491,1,1245055.876970687,0.7379236395816426
92,6097,MULTI1,San Francisco Bay Trail Project,San Francisco Bay Trail - Bay Area Ridge Trail,253.107007022739,1,0,0,0,2008,01/09/2017,2.28264607712,-122.567743886,38.283121578,1,253.107007022739,1024287.7265625,224634.946830263,91,1024286.182686284,1.0,745663.5203393884,0.7279835781674002,1.0,56354.9888974968,0.055018792452809134,1.0,1018135.8221429907,0.9939954666505767,1,735967.5599489241,0.7185175123799699
93,6013,MULTI3,East Bay Regional Park District (EBRPD),Regional Trails System Gaps,433.327292582569,0,0,0,1,2008, ,5.91128776095,-121.688141139,37.913983459,1,433.327292582569,1753613.33154297,575397.53195567,92,82423246.98976222,1.0,32629447.36484073,0.39587675269446293,1.0,5610412.154841974,0.06806832246658329,1.0,19834523.141515046,0.2406423414013123,1,41976939.29053362,0.5092851934812465
94,6001,MULTI3,East Bay Regional Park District (EBRPD),Regional Trails System Gaps,419.009182240819,0,0,0,1,2008, ,5.66561037264,-121.795743005,37.650162624,1,419.009182240819,1695669.99658203,556635.121627442,93,1695664.568289902,1.0,901255.768140577,0.5315059269354813,1.0,274379.5089249335,0.16181237377723148,1.0,1105478.1379494276,0.6519438800707592,1,1535006.0616388163,0.9052533681156576
95,6081,MULTI4,"San Mateo County, on behalf of the State Coastal Conservancy",California Coastal Trail,205.277791503642,0,0,0,1,2015,07/16/2015,1.32419647687,-122.311574636,37.118605804,1,205.277791503642,830729.725585938,135667.711481492,94,1241528.7184120947,1.0,191298.549777958,0.1540830646451959,1.0,86196.62745958613,0.06942781603137697,1.0,1036130.2989672,0.834560073884076,1,229073.49361894463,0.18450921853175317
96,6041,MULTI4,"San Mateo County, on behalf of the State Coastal Conservancy",California Coastal Trail,379.788929997202,0,0,0,1,2015,07/16/2015,2.56291278439,-122.850130496,38.016870856,1,379.788929997202,1536951.29541016,250917.267472927,95,1690983.0685356122,1.0,639560.498844116,0.37821815649400564,0.0,0.0,0.0,1.0,1245212.2325286577,0.7363836195042501,1,217454.4649397133,0.12859647679856925
97,6097,MULTI4,"San Mateo County, on behalf of the State Coastal Conservancy",California Coastal Trail,145.009272965871,0,0,0,1,2015,07/16/2015,0.973086749878,-123.067628355,38.324459886,1,145.009272965871,586831.698852539,96337.5439523264,96,611862.3407902983,1.0,157924.13116763876,0.25810402216233735,0.0,0.0,0.0,1.0,577469.5579297749,0.9437899988809562,1,154352.84369565308,0.25226727223690004
98,6075,MULTI4,"San Mateo County, on behalf of the State Coastal Conservancy",California Coastal Trail,85.4786280682512,0,0,0,1,2015,07/16/2015,0.533453778569,-122.494880453,37.786687593,1,85.4786280682512,345919.744384766,56150.8255766335,97,565636.1975101522,0.0,0.0,0.0,1.0,128342.12963089709,0.22689872076051773,1.0,455777.8956072237,0.8057792227822251,1,101625.25800169892,0.17966540764017302
99,6041,MULTI5,"San Mateo County, on behalf of the State Coastal Conservancy",San Francisco Bay Area Water Trail,3.21465631930759,0,0,0,1,2015,07/16/2015,0.0219144189366,-122.506346599,38.114638296,1,3.21465631930759,13009.2512207031,2142.2113995003,98,13009.178292157867,1.0,225.95936364723045,0.01736922644710329,1.0,1490.218731305035,0.11455133428399253,1.0,12544.564495817756,0.9642856923084691,1,11562.400345940116,0.8887879069894913
100,6097,MULTI5,"San Mateo County, on behalf of the State Coastal Conservancy",San Francisco Bay Area Water Trail,0.459235440545439,0,0,0,1,2015,07/16/2015,0.00313787909826,-122.639457742,38.234171636,1,0.459235440545439,1858.45874023438,306.029807931472,99,1858.4555981270414,1.0,464.6132143804753,0.24999963133298114,1.0,929.2276625871023,0.49999992656460635,1.0,1858.4555981270414,1.0,1,1833.9022725994837,0.9867883173790633
101,6055,MULTI5,"San Mateo County, on behalf of the State Coastal Conservancy",San Francisco Bay Area Water Trail,0.803663624266925,0,0,0,1,2015,07/16/2015,0.00549354238316,-122.283340297,38.327573116,1,0.803663624266925,3252.31176757813,535.552698140317,100,3252.3081693073605,1.0,852.578886926246,0.26214578771230607,1.0,923.3221092849029,0.28389748486888977,1.0,2787.6927785962384,0.8571428762207148,1,2755.282195952758,0.8471774667465003
102,6095,MULTI5,"San Mateo County, on behalf of the State Coastal Conservancy",San Francisco Bay Area Water Trail,1.0332826751489,0,0,0,1,2015,07/16/2015,0.00705455350719,-122.039202742,38.238689269,1,1.0332826751489,4181.54516601563,688.568045362859,101,4181.547957293805,1.0,744.8938803159152,0.1781383085698226,1.0,1082.9854560514284,0.25899151871794146,1.0,2787.698743862487,0.6666666919364037,1,3805.605565913585,0.9100949229281301
103,6013,MULTI5,"San Mateo County, on behalf of the State Coastal Conservancy",San Francisco Bay Area Water Trail,1.95175620284492,0,0,0,1,2015,07/16/2015,0.0133091236298,-122.201716435,38.053741604,1,1.95175620284492,7898.474609375,1300.62854308613,102,7898.464416922153,1.0,123.00590244527041,0.015573394517260222,1.0,1476.9287404756287,0.18698935166579547,1.0,7898.464416922152,0.9999999999999999,1,6689.258517663066,0.8469062041137503
104,6085,MULTI5,"San Mateo County, on behalf of the State Coastal Conservancy",San Francisco Bay Area Water Trail,0.229618704735286,0,0,0,1,2015,07/16/2015,0.00155934407213,-122.101679801,37.457782721,1,0.229618704735286,929.23486328125,153.015232013826,103,929.232284594265,0.0,0.0,0.0,1.0,215.33112747245002,0.23173014007630077,1.0,929.2322845942649,0.9999999999999999,1,929.2322845942649,0.9999999999999999
105,6081,MULTI5,"San Mateo County, on behalf of the State Coastal Conservancy",San Francisco Bay Area Water Trail,1.49251931656104,0,0,0,1,2015,07/16/2015,0.0101455433812,-122.383379867,37.663954938,1,1.49251931656104,6040.01416015625,994.598253429533,104,6040.011110175566,1.0,5.370396016908248,0.0008891367778878384,1.0,3480.3290816837416,0.5762123642157636,1.0,5648.401588108095,0.9351641056739567,1,5791.211595259261,0.9588081031014738
106,6075,MULTI5,"San Mateo County, on behalf of the State Coastal Conservancy",San Francisco Bay Area Water Trail,1.49251976951625,0,0,0,1,2015,07/16/2015,0.0101627821326,-122.373079885,37.832221622,1,1.49251976951625,6040.01318359375,994.598404291708,105,6039.990478755756,0.0,0.0,0.0,1.0,2498.9827515907755,0.4137395183618846,1.0,6039.990478755755,0.9999999999999999,1,5244.344429355186,0.8682703139683633
107,6081,MULTI2,Save-the-Redwoods League,San Francisco Watershed Lands to Wilder Ranch State Park Priority Conservation Area,53411.6674216375,1,0,0,0,2008, ,1.08828485075,-122.276316249,37.2820468186,1,53411.6674216375,216149349.334229,106991.590291909,106,216149801.82648307,1.0,206660635.39486465,0.956099120371917,0.0,0.0,0.0,1.0,1940117.9462389792,0.008975802567686058,1,205068256.81630227,0.9487321065458267
108,6081,SM12,Midpeninsula Regional Open Space District,North Skyline,4680.4899107421,1,0,0,1,2015,07/13/2015,0.313556738574,-122.325996837,37.4166710612,1,4680.4899107421,18941270.6540527,31098.6749558239,107,18944871.296585348,1.0,18850046.11047392,0.994994677734838,0.0,0.0,0.0,1.0,12444227.71304795,0.656865254887792,1,18929495.046157893,0.9991883687048206
109,6081,SM10,City of Menlo Park,Menlo Park and East Palo Alto Baylands,2680.95079698615,1,0,0,1,2015,07/13/2015,0.367616837102,-122.1472801,37.4936258656,1,2680.95079698615,10849422.9460449,35494.3986503647,108,11621729.17138672,1.0,81894.87383008911,0.0070467030011091975,1.0,2025786.1784882385,0.17431022084698253,1.0,9474879.619921101,0.8152727946241193,1,11233908.149109572,0.966629662715598
110,6081,SM18,San Mateo County Parks Department,San Bruno Mountain and Surrounding Area,3257.32534686862,1,1,1,1,2015,07/15/2015,0.676703605272,-122.423358129,37.6855405495,1,3257.32534686862,13181927.9968262,66036.9363090146,109,13205774.393166611,0.0,0.0,0.0,1.0,4289457.602234407,0.32481681683536917,1.0,11815921.239843326,0.8947541346728995,1,11540044.678144233,0.8738635338277233
111,6081,SM17,San Mateo County Parks Department,Pedro Point Headlands,237.802048097786,1,0,0,1,2015,07/13/2015,0.0660230677826,-122.512320707,37.5897383848,1,237.802048097786,962350.743408203,6442.14778677503,110,962360.136145338,1.0,50348.54730985149,0.052317781482012396,1.0,512.5424909196844,0.0005325890710442717,1.0,962360.136145338,1.0,1,706103.1028488941,0.7337202325079025
112,6081,SM11,Midpeninsula Regional Open Space District,Miramontes,4713.54960245698,1,1,0,1,2015,07/13/2015,0.323161507454,-122.381430046,37.459978098,1,4713.54960245698,19075058.4804688,31240.61865868,111,19075035.972321644,1.0,12979700.587850036,0.6804548419559422,1.0,378880.14898950566,0.019862617797380317,1.0,10664509.71106558,0.559082023569447,1,17235171.19888961,0.9035459342723272
113,6041,MR25,City of Novato,O'Hair Park,101.025872988982,0,0,1,1,2015,07/13/2015,0.0311383748423,-122.615218784,38.117432761,1,101.025872988982,408837.202148438,2969.70992100444,112,408835.7838142955,1.0,96.51570574787901,0.00023607450611935453,1.0,235739.59680553907,0.576611945769939,1.0,408835.7838142956,1.0000000000000002,1,88930.78070631098,0.21752200816821307
114,6081,SM16,Midpeninsula Regional Open Space District,South Skyline,5443.12680531497,1,0,0,1,2015,07/13/2015,0.26980048936,-122.182114689,37.2938950909,1,5443.12680531497,22027552.6726074,27187.7049244796,113,22027576.550098743,1.0,21768344.963183403,0.9882314976263615,0.0,0.0,0.0,1.0,10172658.836796528,0.461814708198162,1,21840893.083687846,0.9915250111156663
115,6081,SM14,Midpeninsula Regional Open Space District,Southern San Mateo Coast,46883.5201523597,1,1,0,1,2015,07/13/2015,0.986183364871,-122.356635882,37.2643231373,1,46883.5201523597,189730874.637207,100460.740778994,114,189731060.8066767,1.0,169339077.96014038,0.8925216421610883,0.0,0.0,0.0,1.0,44947271.153023146,0.23689990959794097,1,55570467.72788124,0.2928907238045954
116,6081,SM13,Midpeninsula Regional Open Space District,Teague Hill,5474.57379218667,1,0,0,1,2015,07/13/2015,0.270806926372,-122.294954539,37.4240419107,1,5474.57379218667,22154814.1132813,26298.359105038,115,22154817.201223794,1.0,19135968.254773263,0.8637384854484931,1.0,110450.84861749911,0.00498541006293647,1.0,14871528.429657008,0.6712548469519997,1,21842899.03752722,0.9859209777781716
117,6081,SM15,Midpeninsula Regional Open Space District,Windy Hill,1507.22239111586,1,0,0,1,2015,07/13/2015,0.353247507574,-122.229234843,37.362897175,1,1507.22239111586,6099512.61010742,34835.4830633753,116,6336594.06279075,1.0,2244543.0509242686,0.354219163904549,1.0,440556.02666513855,0.06952568245646933,1.0,4969557.006710436,0.7842631163470418,1,2360892.365506003,0.3725806548614894
118,6041,MR23,City of Novato,Davidson Hill Area,30.3435160021108,1,0,0,1,2015,07/13/2015,0.02347699289,-122.553645077,38.1044306836,1,30.3435160021108,122795.851318359,2310.9452803739,117,122795.41908308912,0.0,0.0,0.0,1.0,21179.486419244327,0.17247782187146002,1.0,98510.8415006791,0.8022354761786518,1,122795.41908308919,1.0000000000000007
119,6041,MR24,City of Novato,Hill Recreation and Arroyo Avichi Creek Area,23.1349747546902,1,1,1,1,2015,07/13/2015,0.0234652329996,-122.574170016,38.0958697857,1,23.1349747546902,93623.9216308594,2245.54151718903,118,93623.58459443194,0.0,0.0,0.0,1.0,69919.41869901872,0.7468141601488844,1.0,1027.5165840896973,0.010974975894597467,1,91948.97066141732,0.9821133324442887
120,6041,MR22,City of Novato,Carmel Open Space,5.37265732802468,1,0,0,1,2015,07/13/2015,0.011425454659,-122.576670881,38.1126796397,1,5.37265732802468,21742.3723144531,1095.77989642565,119,21742.297022293795,0.0,0.0,0.0,1.0,1418.1131491022031,0.06522370417661572,0.0,0.0,0.0,1,21742.29702229379,0.9999999999999998
121,6085,SC50,Santa Clara Valley Open Space Authority,Field Sports Park,94.2141853595395,1,0,1,0,2015,07/13/2015,0.0306275695947,-121.72712701,37.2188896884,1,94.2141853595395,381271.281494141,2985.07646883927,120,381271.8256581969,1.0,27156.248781505215,0.07122542751388687,0.0,0.0,0.0,1.0,377176.6538936354,0.9892591807498707,1,194654.72545621678,0.5105405444532404
122,6085,SC42,Santa Clara Valley Open Space Authority,Los Gatos Creek Park,110.609441098363,1,0,1,1,2015,07/13/2015,0.0554525382349,-121.952596837,37.2646991932,1,110.609441098363,447620.525634766,5627.30715251589,121,447618.8393140138,0.0,0.0,0.0,1.0,187685.77034464723,0.4192981927040426,1.0,447618.83931401407,1.0000000000000007,1,208059.33631780386,0.46481362722949643
123,6085,SC39,Santa Clara Valley Open Space Authority,Penitencia Creek County Park,163.791229332866,1,0,0,1,2015,07/13/2015,0.146136185515,-121.850833214,37.3849229351,1,163.791229332866,662839.588623047,14171.9104043918,122,662837.2476086868,0.0,0.0,0.0,1.0,610782.9149125114,0.9214673996007746,1.0,662837.247608687,1.0000000000000004,1,619349.4224679712,0.9343913980428736
124,6085,SC47,Santa Clara Valley Open Space Authority,Coyote Creek Parkway,2712.01509546907,1,0,1,1,2015,07/13/2015,0.60071668375,-121.724719242,37.206903667,1,2712.01509546907,10975135.7075195,58665.9547831799,123,10975144.7139435,1.0,1516010.312670862,0.13813123673392927,1.0,2510860.214066177,0.22877695734400894,1.0,10975144.713943645,1.0000000000000133,1,7785235.756123212,0.7093515355868036
125,6085,SC43,Santa Clara Valley Open Space Authority,Coyote Ridge,1182.88492406212,0,0,1,1,2015,07/13/2015,0.240101149751,-121.790448713,37.277474857,1,1182.88492406212,4786965.44482422,23112.8961475044,124,4786957.977998663,1.0,2.7972247423078468e-06,5.843428655869074e-13,1.0,4501102.97670689,0.9402846228010376,1.0,4501493.835448841,0.9403662735578955,1,2464550.628685803,0.5148469320209461
126,6085,SC51,Santa Clara Valley Open Space Authority,Coyote Valley - Mid,1448.4550022298,1,1,1,0,2015,07/13/2015,0.107449071714,-121.724957992,37.1854701408,1,1448.4550022298,5861689.4284668,10463.9581133414,125,5861694.1191303,1.0,5079176.61260433,0.8665031831033052,1.0,8871.436648842631,0.001513459499684519,1.0,1067551.865634553,0.18212343461431685,1,3363946.1215707636,0.5738863293108635
127,6085,SC38,Santa Clara Valley Open Space Authority,Ulistac Natural Area,40.8452770467712,1,0,1,1,2015,07/13/2015,0.023639675324,-121.956029551,37.4062847119,1,40.8452770467712,165294.970947266,2278.13376678169,126,165294.0915854723,0.0,0.0,0.0,1.0,160073.3090388652,0.9684151895779802,1.0,165294.0915854723,1.0,1,94114.62528973629,0.5693768264007811
128,6085,SC49,Santa Clara Valley Open Space Authority,Coyote Valley - North,1642.23003547815,0,0,1,0,2015,07/13/2015,0.157293153055,-121.743273971,37.2018167431,1,1642.23003547815,6645869.16748047,15329.3671576597,127,6645890.526195409,1.0,9689.34958211653,0.001457946010986043,1.0,6577890.276925509,0.9897680756247984,1.0,6438855.63542607,0.9688476826463975,1,3214578.1312751896,0.4836941142206036
129,6085,SC52,Santa Clara Valley Open Space Authority,Coyote Valley - South,1611.04740087028,0,1,0,1,2015,07/13/2015,0.135665195689,-121.701210673,37.167240077,1,1611.04740087028,6519677.52148438,13108.8945715398,128,6519675.636886889,1.0,3938656.9191090995,0.604118538785127,1.0,4866.48524209761,0.0007464305761722422,1.0,618377.7617823713,0.09484793358180675,1,2507299.734519458,0.38457430617156907
130,6085,SC45,Santa Clara Valley Open Space Authority,Mount Hamilton Range,154010.677047825,1,1,0,1,2015,07/13/2015,3.00919494319,-121.621739004,37.2574925212,1,154010.677047825,623259097.5354,297763.442733294,129,623255706.5481892,1.0,582660610.4304212,0.9348660658999852,1.0,1228883.4314298152,0.0019717162931981915,1.0,62944637.337035134,0.10099327880308522,1,603690281.1771915,0.9686077076143307
131,6085,SC37,Santa Clara Valley Open Space Authority,Baylands,9477.10957348262,1,0,1,1,2015,07/13/2015,0.613675190507,-121.987160964,37.4434219869,1,9477.10957348262,38352501.7436523,59509.9924802103,130,47619355.34846221,1.0,2520.2156064434853,5.29241857224107e-05,1.0,6366222.217608936,0.133689802623809,1.0,38403864.80119393,0.8064759491212667,1,41974150.94269342,0.8814514735770967
132,6085,SC59,Santa Clara Valley Open Space Authority,Gilroy 660,769.91714554698,1,1,1,0,2015,07/13/2015,0.0979999476292,-121.549134865,37.018044633,1,769.91714554698,3115744.14379883,9677.91323914112,131,3115720.9579382557,1.0,2858593.28342482,0.9174741005421797,1.0,25611.495037485194,0.008220086260366818,1.0,31335.49208959594,0.010057220307152075,1,1820665.1998117678,0.5843479645290648
133,6085,SC60,Santa Clara Valley Open Space Authority,Gilroy Foothills,749.168297896964,1,1,0,1,2015,07/13/2015,0.110913392694,-121.493538808,36.9985570202,1,749.168297896964,3031776.5390625,11005.311603029,132,3031753.49005164,1.0,2808960.9528015577,0.926513637081263,0.0,0.0,0.0,1.0,2153193.734300651,0.7102139871747869,1,124489.94520788256,0.04106202750862904
134,6085,SC61,Santa Clara Valley Open Space Authority,Gilroy South,974.19665973972,1,1,1,1,2015,07/13/2015,0.274774022674,-121.560586963,36.9780827786,1,974.19665973972,3942434.01147461,26964.2059364543,133,3999018.2707555247,1.0,2734272.9903735495,0.6837360585144239,1.0,693609.0222976923,0.17344482453856117,1.0,2673159.664667871,0.668453976371265,1,3582620.3697480876,0.8958749691011619
135,6085,SC44,Santa Clara Valley Open Space Authority,Martial Cottle,305.86567263036,0,1,1,1,2015,07/13/2015,0.0743154168894,-121.840059735,37.2616069955,1,305.86567263036,1237794.46386719,7290.47443058814,134,1237791.9122135935,0.0,0.0,0.0,1.0,1237791.9122135933,0.9999999999999998,1.0,484133.4046141448,0.39112665047903683,1,1237791.9122135933,0.9999999999999998
136,6085,SC46,Santa Clara Valley Open Space Authority,Metcalf,498.33285006247,1,1,0,1,2015,07/13/2015,0.095453498246,-121.730069624,37.2321180687,1,498.33285006247,2016681.49243164,9014.44515006396,135,2016685.255327765,1.0,1883138.7161992092,0.9337791860302709,1.0,96932.71394785221,0.04806536552581581,1.0,945457.0066412395,0.4688173348535628,1,1717861.7455854414,0.8518244188314071
137,6075,SF12,City and County of San Francisco,Palou Phelps Natural Area,3.08507429950372,1,0,0,1,2015,07/14/2015,0.00626198153943,-122.394758401,37.7353407331,1,3.08507429950372,12484.8530273438,592.950827465696,136,12484.865252370319,0.0,0.0,0.0,1.0,7169.285721159234,0.5742381336312866,0.0,0.0,0.0,1,12484.865252370324,1.0000000000000004
138,6085,SC56,Santa Clara Valley Open Space Authority,Morgan Hill South,61.2786380329987,1,0,0,1,2015,07/13/2015,0.0406479084071,-121.624482586,37.0950610808,1,61.2786380329987,247985.854736328,3791.70175124445,137,247984.90069942025,1.0,0.0006697072237821752,2.7005967778414053e-09,1.0,184531.76970983567,0.7441250220855365,1.0,146979.4781799208,0.5926952720321993,1,220644.42079929422,0.889749416907987
139,6085,SC63,Santa Clara Valley Open Space Authority,Pacheco Agriculture,1140.37696819247,0,1,0,0,2015,07/13/2015,0.203967147972,-121.38632774,36.962351946,1,1140.37696819247,4614941.85522461,20021.5119165345,138,4614906.501724805,1.0,4105400.1470097564,0.8895955195355264,0.0,0.0,0.0,0.0,0.0,0.0,1,2777167.8102721963,0.6017820316043759
140,6085,SC57,Santa Clara Valley Open Space Authority,San Martin South Agriculture,1376.1000434319,0,1,1,0,2015,07/13/2015,0.105575428589,-121.596215755,37.0644483318,1,1376.1000434319,5568879.29931641,10116.0483998921,139,5568850.156863713,1.0,4029260.032562085,0.7235353653026462,0.0,0.0,0.0,1.0,2434642.9140773895,0.43718951767388575,1,2417438.1437539496,0.43410005219379294
141,6085,SC53,Santa Clara Valley Open Space Authority,Santa Cruz Mountains East,51851.3641203994,1,1,0,1,2015,07/13/2015,1.8148387775,-121.743090596,37.0906240834,1,51851.3641203994,209835025.893066,177503.424077257,140,216594435.10662842,1.0,188408445.50604615,0.8698674340977115,1.0,25444.56229062999,0.00011747560493926704,1.0,40078875.210846305,0.18504111239568857,1,191082091.75585026,0.882211455071694
142,6085,SC48,Santa Clara Valley Open Space Authority,Santa Teresa Hills,2265.09310061254,1,1,0,1,2015,07/13/2015,0.207217875554,-121.793504881,37.2134751149,1,2265.09310061254,9166506.56298828,19995.1422640769,141,9166593.331345413,1.0,3490582.3832725966,0.3807938518813152,1.0,2674710.6264328244,0.29178894816753564,1.0,7467530.527837567,0.8146462112922742,1,7115212.647873001,0.7762112259897403
143,6085,SC40,Santa Clara Valley Open Space Authority,Sierra Vista,2020.90469684236,1,1,0,1,2015,07/13/2015,0.328841347172,-121.800325265,37.402836152,1,2020.90469684236,8178311.15258789,31854.1643867328,142,8178288.229386148,1.0,7093151.214193093,0.8673148971084252,1.0,51329.861718593806,0.006276357628746298,1.0,7162386.961210958,0.8757806964390343,1,5749140.057303164,0.7029759646579107
144,6085,SC62,Santa Clara Valley Open Space Authority,Upper Pacheco,11833.1328972097,1,0,0,0,2015,07/13/2015,0.772890694723,-121.287533733,37.0294491726,1,11833.1328972097,47886989.8671875,76276.4515137267,143,47886496.85386771,1.0,47879651.8118818,0.9998570569485007,0.0,0.0,0.0,0.0,0.0,0.0,1,47744962.52756911,0.9970443791966969
145,6085,SC54,Santa Clara Valley Open Space Authority,Northeastern Quadrant,887.725279199503,1,1,0,1,2015,07/13/2015,0.0988102441512,-121.617099074,37.150763247,1,887.725279199503,3592496.74584961,9514.38572619917,144,3592485.7321399786,1.0,2406594.743204085,0.6698968131379385,1.0,5923.3174314137905,0.0016488075035124433,1.0,666504.7704617027,0.1855274648689218,1,2082237.7203958756,0.5796091830698864
146,6085,SC55,Santa Clara Valley Open Space Authority,San Martin North Agriculture,772.569037349479,0,1,0,0,2015,07/13/2015,0.0875044829123,-121.609209328,37.1102259474,1,772.569037349479,3126475.97070313,8238.95805423703,145,3126463.4126310656,1.0,1237757.9488755132,0.3958971481562555,0.0,0.0,0.0,1.0,2093028.1051933912,0.669455492982088,1,1144881.4510871547,0.36619058021334183
147,6085,SC58,Santa Clara Valley Open Space Authority,Upper Pajaro Agriculture,8089.86003497352,1,1,1,0,2015,07/13/2015,0.367166312206,-121.537754487,37.0329353577,1,8089.86003497352,32738502.0400391,36571.0824252582,146,32738245.037669726,1.0,22812988.925361726,0.6968299277836162,1.0,14312.872880635852,0.00043719120753623106,1.0,2656194.657653028,0.08113430193331136,1,13548555.233549334,0.4138448844145406
148,6041,MR19,Town of Fairfax,Fairfax Zone 1 - Western Fairfax/Tamarancho/Cascade,326.498297917783,1,0,1,1,2015,07/14/2015,0.165126740803,-122.610020659,37.9947087194,1,326.498297917783,1321291.73461914,15990.8471509588,147,1321283.096635645,1.0,21218.906310007307,0.01605931867594201,1.0,7064.130665068595,0.005346417193299331,1.0,1307438.8917841709,0.9895221509404568,1,282235.8410741164,0.21360739556327293
149,6001,AL33,City of Oakland,Oakland Priority Estuaries,336.546425956566,1,0,0,1,2015,07/15/2015,0.0980510989005,-122.258341989,37.8022501136,1,336.546425956566,1361955.06518555,9724.49226213948,148,1361953.0056221087,0.0,0.0,0.0,1.0,408239.7022042892,0.29974580658736805,1.0,1361953.0056221087,1.0,1,1116748.3418606862,0.8199609951670699
150,6001,AL32,City of Oakland,Oakland Priority Creeks,666.960609633953,1,0,1,0,2015,07/15/2015,4.11608060827,-122.196372953,37.752485876,1,666.960609633953,2699093.81225586,402295.463425511,149,2812458.888933991,1.0,10256.808074084283,0.003646918400991074,1.0,850704.0297419322,0.30247696529508217,1.0,2026226.3407672918,0.7204465632332476,1,2685508.0733420765,0.9548612724291117
151,6001,AL34,City of Oakland,Oakland Recreational Trails,20.134803454494,0,0,0,1,2015,07/15/2015,0.140627602498,-122.200933931,37.829554539,1,20.134803454494,81482.6650390625,13357.7788890955,150,81482.7340905515,0.0,0.0,0.0,1.0,52742.26253902278,0.6472814532758617,1.0,59294.20153674434,0.7276903775817204,1,81482.73409055165,1.0000000000000018
152,6001,AL35,City of Oakland,Oakland Urban Greening,12533.0885260099,0,0,1,0,2015,07/15/2015,0.913102936032,-122.192530544,37.748627206,1,12533.0885260099,50719609.7949219,88693.0452233439,151,50719594.684426814,0.0,0.0,0.0,1.0,46669086.53049082,0.9201391852766584,1.0,34411015.27658879,0.6784560383554191,1,49736883.83702394,0.9806246312984712
153,6001,AL31,City of Oakland,Oakland Priority Creek Trails,480.414061029816,1,0,1,1,2015,07/15/2015,0.329161319102,-122.217154344,37.802798257,1,480.414061029816,1944166.73364258,32429.4437881242,152,1944168.1810157192,0.0,0.0,0.0,1.0,1942657.0295732091,0.9992227259671945,1.0,1148714.1295123657,0.5908512137629095,1,1925813.5790280125,0.9905591490659427
154,6001,AL30,City of Oakland,Oakland Natural Landscapes,4686.94351673644,1,0,0,0,2015,05/02/2016,1.1567492376,-122.219640882,37.850448713,1,4686.94351673644,18967387.470459,112595.617304041,153,19001621.230266385,1.0,24142.846699663718,0.0012705677272004678,1.0,1626357.4207560364,0.08559045573256259,1.0,15762908.988504402,0.8295560045895842,1,18878530.6716175,0.9935221022902603
155,6041,MR20,Town of Fairfax,Fairfax Zone 2 - Southern Fairfax/Bald Hill,447.106351446086,1,0,1,1,2015,07/14/2015,0.206357094082,-122.615323753,37.969722252,1,447.106351446086,1809375.21118164,19867.0410798267,154,1829326.938493061,1.0,21770.96067120269,0.011901076955187074,1.0,118136.9649769076,0.06457947045497779,1.0,1230922.5684554877,0.672882764996333,1,40738.08596199503,0.022269439707455308
156,6041,MR21,Town of Fairfax,Fairfax Zone 3 - Northern Fairfax/Sleepy Hollow/Oak Manor/Wall,467.662005982915,1,0,1,1,2015,07/14/2015,0.182366086335,-122.587456158,37.997542381,1,467.662005982915,1892560.99267578,17513.089066285,155,1892550.4930352434,0.0,0.0,0.0,1.0,368568.7770171437,0.19474713006258487,1.0,1875790.4323940198,0.9911441936672749,1,240390.14863391098,0.12701914665873826
157,6075,SF9,City and County of San Francisco,Bayview Hill Natural Area,46.6134136560886,1,0,0,1,2015,07/14/2015,0.0327734458477,-122.392515001,37.7151853383,1,46.6134136560886,188637.790527344,3181.90113122464,156,188637.94386694703,0.0,0.0,0.0,1.0,18281.589610682568,0.09691363909043249,1.0,157965.63696958302,0.8374011809681393,1,188637.94386694703,1.0
158,6075,SF11,City and County of San Francisco,Green Connections: McLaren Park Pivot,423.080551490354,1,0,1,1,2015,07/14/2015,0.109954758822,-122.419674542,37.718194315,1,423.080551490354,1712146.24780273,10673.0344702089,157,1712149.706411398,0.0,0.0,0.0,1.0,642109.241773544,0.3750310147349095,1.0,336905.4257315335,0.19677334550240627,1,300390.32041617396,0.1754462937973928
159,6081,SM9,San Mateo County Parks Department,Office of Education - Loma Mar Property,173.97779842977,1,0,0,0,2013,07/15/2015,0.059168932662,-122.309442899,37.276139139,1,173.97779842977,704063.171142578,5838.14833487919,158,704064.102332441,1.0,704064.1023324408,0.9999999999999997,0.0,0.0,0.0,0.0,0.0,0.0,1,704064.1023324408,0.9999999999999997
160,6095,SL5,Solano County,Suisun Valley,9106.67652245783,1,1,1,0,2013,07/15/2015,0.378001437664,-122.104950626,38.272044846,1,9106.67652245783,36853412.3706055,37291.9963473517,159,36853154.86831954,1.0,31099425.42230121,0.8438741685324621,1.0,1159125.15052002,0.031452535194387135,1.0,6583948.491220147,0.17865359193114766,1,36853154.868319534,0.9999999999999998
161,6013,CC21,Contra Costa Resource Conservation District,Pinole Creek Watershed,9611.54649913623,1,0,0,0,2013,07/15/2015,0.457342165926,-122.227680406,37.9728431317,1,9611.54649913623,38896548.6789551,44450.5133169589,160,38896589.733190246,1.0,26516876.129565325,0.681727532193873,1.0,6076750.921304059,0.15622837279533536,1.0,23556415.347478833,0.6056164694402058,1,36421553.26247512,0.9363688053967572
162,6001,AL29,City of Livermore,"Livermore Arroyos, Parks and Trails",1634.78999471535,0,0,1,1,2015,07/16/2015,0.320351104937,-121.698908833,37.717739491,1,1634.78999471535,6615760.39160156,31374.1589546727,161,6615739.5725148525,1.0,1420788.477646605,0.21475882810582253,1.0,3144484.7992069186,0.47530359451733983,1.0,4818812.810745302,0.7283861098107763,1,5912213.352697599,0.8936587191642096
163,6085,SC28,Midpeninsula Regional Open Space District,Palo Alto Open Space,4380.19411420666,1,0,0,1,2015,07/16/2015,0.493802294949,-122.166759602,37.3284048658,1,4380.19411420666,17726016.6799316,48757.0136467633,162,17858199.743400104,1.0,17205876.18166794,0.9634720424731924,1.0,977.5026721058241,5.4736909999401366e-05,1.0,7250871.444331361,0.4060247700505804,1,680940.9959619145,0.03813043899979736
164,6055,NP4,Napa County Regional Park and Open Space District,Palisades - Mount Saint Helena to Angwin,17883.9767330693,1,0,0,1,2008, ,0.318026071686,-122.527596739,38.6107177402,1,17883.9767330693,72373886.0993652,30494.7846639388,163,72373897.29971035,1.0,9398971.730176222,0.1298668730143656,1.0,115405.1194252643,0.00159456825915227,1.0,27632145.314961493,0.38179711672197153,1,70780988.7856876,0.9779905660265013
165,6055,NP3,Napa County Regional Park and Open Space District,Interior Mountains - Moore Creek to Milliken Creek,32851.7111150009,1,0,0,1,2008, ,0.577299047728,-122.3229416,38.4694183657,1,32851.7111150009,132946158.112061,57577.0612929489,164,132945601.67353733,1.0,35364728.42820741,0.26600901408569666,0.0,0.0,0.0,1.0,49280552.15014053,0.3706820799619561,1,121106579.5046333,0.9109483727188202
166,6085,SC29,Midpeninsula Regional Open Space District,Hidden Villa/Rancho San Antonio,3119.99513961089,1,1,0,1,2015,07/16/2015,0.255612956632,-122.141356464,37.3390743674,1,3119.99513961089,12626172.3671875,24585.5716521354,165,12626184.21704321,1.0,11346496.725892691,0.8986481213046806,1.0,5399.2875474198245,0.00042762622931888643,1.0,429790.42303308076,0.034039612890562496,1,11496899.404758839,0.9105600874443106
167,6085,SC30,Midpeninsula Regional Open Space District,Southeast Rancho San Antonio,306.301825227952,1,0,0,1,2015,07/16/2015,0.116825933786,-122.102241573,37.3285068357,1,306.301825227952,1239559.50952148,11056.7016703968,166,1239559.0677112741,1.0,941181.3428638425,0.7592872073467566,1.0,1971.2093314025947,0.0015902504227105869,1.0,656.0349777973529,0.000529248661791211,1,1238093.231415931,0.9988174534529849
168,6085,SC31,Midpeninsula Regional Open Space District,Cupertino Open Space,245.50173277172,1,0,0,1,2015,07/16/2015,0.122597381033,-122.084357536,37.3311803139,1,245.50173277172,993510.261962891,12134.7571893248,167,993511.5274490064,1.0,0.005629627080271136,5.666393317776663e-09,1.0,635757.3900016341,0.6399094247391763,1.0,556571.4662075221,0.5602063497306417,1,821509.7972809142,0.8268749527147076
169,6085,SC32,Midpeninsula Regional Open Space District,Stevens Creek,1384.97795648643,1,0,0,1,2015,07/16/2015,0.160721165397,-122.13583592,37.2875312411,1,1384.97795648643,5604806.93969727,16193.0385052107,168,5604805.128207545,1.0,5604805.128207545,1.0,0.0,0.0,0.0,1.0,3977351.3028349876,0.7096323978898035,1,5472079.3169244025,0.9763192817150471
170,6085,SC33,Midpeninsula Regional Open Space District,Saratoga-to-the-Sea,229.931830116199,1,0,0,1,2015,07/16/2015,0.0739149675924,-122.062837569,37.2425220369,1,229.931830116199,930501.103515625,7523.3294293952,169,930507.323249148,1.0,929238.8607407686,0.9986368054536635,0.0,0.0,0.0,0.0,0.0,0.0,1,930507.323249148,1.0
171,6085,SC34,Midpeninsula Regional Open Space District,El Sereno/Sierra Azul,3092.2656112829,1,0,0,1,2015,07/16/2015,0.354626226579,-121.934554264,37.2023067633,1,3092.2656112829,12513954.942627,35230.0632548561,170,12514059.75041044,1.0,12389633.084435113,0.990057050353204,1.0,21112.68830741613,0.0016871174285965568,1.0,9234042.707301177,0.7378934487665617,1,12505080.910509313,0.9992824998377658
172,6085,SC35,Midpeninsula Regional Open Space District,Critical Wildlife Linkage,17346.4365675902,1,0,0,1,2015,07/16/2015,2.18752640148,-121.911827718,37.155195329,1,17346.4365675902,70198538.2214355,214198.618313584,171,70202838.8393703,1.0,69962717.71546753,0.9965796094876992,0.0,0.0,0.0,1.0,43005916.50430157,0.6125951203013676,1,70150202.89969519,0.9992502306096831
173,6085,SC36,Midpeninsula Regional Open Space District,Eastern Sierra Azul,1506.76572213999,1,0,0,1,2015,07/16/2015,0.294433892792,-121.877534619,37.1822089052,1,1506.76572213999,6097664.53735352,28967.5618672743,172,6097716.339584022,1.0,6097716.339584014,0.9999999999999988,0.0,0.0,0.0,1.0,3281632.794185631,0.5381740657371248,1,6097716.339584014,0.9999999999999988
174,6013,CC23,City of El Cerrito,Hillside Natural Area,110.48650368493,0,0,1,0,2015,11/23/2015,0.0696132753914,-122.301322629,37.9228317665,1,110.48650368493,447123.016601563,6801.02585705919,173,447122.3888932005,0.0,0.0,0.0,1.0,35337.50953636666,0.07903319183778866,1.0,204621.88204143452,0.45764177130103506,1,447122.38889320055,1.0000000000000002
175,6013,CC24,City of El Cerrito,Ohlone Greenway,19.9204189206901,0,0,1,0,2015,11/23/2015,0.0844632257254,-122.309313425,37.9157003614,1,19.9204189206901,80615.076171875,8642.15926988975,174,80614.94178709133,0.0,0.0,0.0,1.0,63218.95365587411,0.7842088855294218,1.0,80614.94178709238,1.000000000000013,1,80614.94178709238,1.000000000000013
176,6013,CC22,City of El Cerrito,Cerrito Creek,3.34565625113539,0,0,1,0,2015,11/23/2015,0.0200626439977,-122.301074511,37.898143371,1,3.34565625113539,13539.388671875,1804.37547984463,175,13539.36803001122,0.0,0.0,0.0,1.0,7918.749854695392,0.5848684988208294,1.0,13539.368030011223,1.0000000000000002,1,13163.353065271955,0.972228026898612
177,6013,MULTI6,East Bay Regional Park District (EBRPD),Bethany Reservoir Area,1591.51887208923,1,0,0,1,2008,05/02/2016,0.139717829778,-121.637268374,37.8028054756,1,1591.51887208923,6440648.36938477,12785.2501403671,176,6440646.698412775,1.0,6252734.583290697,0.970824029958298,0.0,0.0,0.0,1.0,2146277.842579446,0.33323949334286135,1,6440646.698412776,1.0000000000000002
178,6055,NP1,Napa County,Napa County Agricultural Lands and Watersheds,470786.610224092,0,1,0,0,2008,07/18/2016,4.86063872466,-122.330880839,38.5181621149,1,470786.610224092,1905205817.16992,477413.023229963,177,1905195484.2520962,1.0,660694683.9727969,0.3467857705069878,1.0,2542802.7258861098,0.0013346676217240315,1.0,272552974.33627534,0.1430577474013218,1,1622233760.6817057,0.8514789028688728
179,6055,NP8,Save-the-Redwoods League,Bothe-Napa Valley State Park to Sugarloaf Ridge State Park Priority Conservation Area,31374.446312892,1,0,0,0,2008,07/18/2016,1.05841855022,-122.524662798,38.5436515272,1,31374.446312892,126967879.562744,102095.705984087,178,126967821.25950399,1.0,50609035.74158255,0.3985973393852679,1.0,37474.727951475696,0.00029515138229302,1.0,45755289.99556968,0.36036918285029435,1,107380723.30678596,0.8457317944151784
180,6055,NP9,Save-the-Redwoods League,Redwood & Dry Creek Watersheds Priority Conservation Area,18636.7918208284,1,0,0,0,2008, ,0.621085451454,-122.417415824,38.3776645874,1,18636.7918208284,75420420.6745605,60045.3847603506,179,75420262.6824862,1.0,61590571.68131982,0.816631625119255,1.0,378153.9824808203,0.005013957377380413,1.0,3716268.8841689825,0.049274144003107,1,56519030.48374577,0.7493878763282323
181,6055,NP2,Napa County Regional Park and Open Space District,Blue Oak Woodlands of the Lake District,36793.37070874,1,0,0,1,2008, ,0.514255135468,-122.245914302,38.6590686548,1,36793.37070874,148897488.55249,50499.0269796848,180,148896433.79531282,1.0,112587284.03748071,0.7561449335465877,0.0,0.0,0.0,0.0,0.0,0.0,1,148847833.51212662,0.9996735967279579
182,6055,NP10,Napa County Regional Park and Open Space District,Lake Curry/Suisun Creek Watershed,12707.7833014497,1,0,0,0,2008, ,0.268160801694,-122.144951382,38.3920122926,1,12707.7833014497,51426574.4665527,26251.3351784993,181,51425983.675667204,1.0,45422808.576111004,0.8832657215189708,0.0,0.0,0.0,0.0,0.0,0.0,1,51425983.675667234,1.0000000000000007
183,6055,NP5,Napa County Regional Park and Open Space District,Southern Mountains - Skyline Park to Newell Preserve,18644.4710767796,1,0,0,1,2008, ,0.606976067136,-122.218059085,38.2603672119,1,18644.4710767796,75451497.5195313,61717.3173825333,182,75451129.3904561,1.0,62574009.12166135,0.829331643239477,1.0,20401.742696274785,0.00027039678346889567,1.0,34596759.06708805,0.4585320239283819,1,34626715.53212412,0.4589290552952822
184,6055,NP6,Land Trust of Napa County,Napa Valley - Napa River Corridor,23745.3250963953,1,0,0,0,2008, ,1.34399369361,-122.34461,38.405220741,1,23745.3250963953,96093921.3708496,133895.903035051,183,96093775.48732771,1.0,55320289.95944345,0.5756906696494485,1.0,4058734.913476987,0.042237230173272036,1.0,50097391.01695293,0.5213385649891494,1,72330461.26801896,0.7527070395684212
185,6085,SC41,Santa Clara Valley Open Space Authority,Riparian Corridor,5913.9214112215,1,0,1,1,2015,7/13/2015,5.47878068268,-121.628012593,37.012392904,1,5913.9214112215,23932790.8242188,541672.344511006,184,23993675.74579305,1.0,9066166.573312316,0.3778565097472379,1.0,8043121.967638208,0.3352184155880516,1.0,13058844.969641868,0.5442619591927907,1,22194077.31176459,0.9249969678220732
186,6075,SF101,City and County of San Francisco,Twin Peaks,370.603593562099,1,0,1,1,2019,6/10/2021,0.396175762852,-122.456524511,37.759271991,1,370.603593562099,1499779.52612305,38927.2440531271,185,1502959.924731074,0.0,0.0,0.0,1.0,183181.049630971,0.12188019561715711,1.0,1341020.4483091948,0.892252964462206,1,587010.727369713,0.39056978014550014
187,6075,SF104,City and County of San Francisco,Central Waterfront,23.7455227261255,0,0,1,1,2019,6/10/2021,0.0506763551176,-122.384229291,37.760599196,1,23.7455227261255,96094.7229003906,4932.75852711014,186,96094.25157370255,0.0,0.0,0.0,1.0,89801.33809948101,0.9345131121668085,1.0,96094.25157370263,1.0000000000000007,1,65940.01384973986,0.6862014404593709
188,6075,SF105,City and County of San Francisco,India Basin,72.6824140860989,1,0,1,1,2019,6/10/2021,0.0715988265702,-122.372103442,37.73318433,1,72.6824140860989,294135.292480469,6911.20348747418,187,294135.30129476706,0.0,0.0,0.0,1.0,213924.44956463465,0.7272994728036766,1.0,294135.30129476654,0.9999999999999982,1,211425.39092623905,0.7188031834178229
189,6075,SF106,City and County of San Francisco,Lake Merced/Ocean Beach,1215.56780344019,1,0,1,1,2019,6/10/2021,0.206626131589,-122.498595598,37.7284461292,1,1215.56780344019,4919228.3737793,21546.684739611,188,4919257.026834986,1.0,6621.990123024892,0.001346136232951713,1.0,901915.6497691192,0.1833438758839168,1.0,4919257.026834975,0.9999999999999978,1,535510.7173879441,0.10886008079404783
190,6075,SF107,City and County of San Francisco,Treasure Island/Yerba Buena Island,284.319912098481,1,0,1,1,2019,6/10/2021,0.149348233155,-122.370533324,37.8228986857,1,284.319912098481,1150601.8605957,14789.0808974309,189,1150597.3131436522,0.0,0.0,0.0,1.0,966440.631743408,0.8399468873283801,1.0,1150597.3131436522,1.0,1,1150597.3131436522,1.0
191,6075,SF108,City and County of San Francisco,Outer Mission Park Connections,1424.11268283858,1,0,1,1,2019,6/10/2021,0.131218351455,-122.444377405,37.7204835504,1,1424.11268283858,5763179.55761719,12480.9051576057,190,5763197.6254784,0.0,0.0,0.0,1.0,5463635.027944987,0.9480214601336794,1.0,3053325.4413403906,0.5297971091329591,1,3210933.4543211334,0.5571444297044378
192,6075,SF109,City and County of San Francisco,Northern Waterfront,129.023227041123,0,0,0,1,2019,6/10/2021,0.26483033825,-122.42759355,37.80605139,1,129.023227041123,522138.467285156,25950.4642216792,191,522135.5861221436,0.0,0.0,0.0,1.0,331664.7092319518,0.6352080150200013,1.0,522135.5861221436,1.0,1,160563.2752752826,0.30751260696052596
193,6085,SC101,City of Palo Alto,Palo Alto Baylands,2627.3654567325,1,0,0,1,2019,6/10/2021,0.202179798714,-122.098634066,37.4556666874,1,2627.3654567325,10632570.7709961,19923.9167474911,192,10632594.726377005,1.0,823.3908663502341,7.744025682720626e-05,1.0,665197.0901737147,0.06256206573203761,1.0,7845994.280285357,0.7379190575957214,1,10632594.726377016,1.000000000000001
194,6085,SC102,City of Palo Alto,Palo Alto Foothills,5257.40751451098,1,0,0,1,2019,6/10/2021,0.49229954163,-122.149945476,37.310835478,1,5257.40751451098,21275973.3688965,48696.754533889,193,21276006.36263753,1.0,18567517.941961385,0.8726975178277592,1.0,3906.307174380459,0.00018360152313360204,1.0,7941200.832572046,0.37324677842348586,1,762841.8595469027,0.03585456060431142
195,6001,AL91,City of Livermore,First Street,37.7022858977364,0,0,1,1,2019,6/10/2021,0.0526444354115,-121.751854453,37.691235349,1,37.7022858977364,152575.739257813,5102.61185439266,194,152575.34907177364,0.0,0.0,0.0,1.0,107929.4476054212,0.707384569408061,1.0,152575.3490717743,1.0000000000000044,1,152575.3490717743,1.0000000000000044
196,6001,AL92,City of Livermore,Arroyo Las Positas Trail,7.47132003145376,0,0,1,1,2019,6/10/2021,0.0220701444848,-121.771329262,37.700308617,1,7.47132003145376,30235.359375,2032.22136994294,195,30235.277906861003,0.0,0.0,0.0,1.0,28438.045016165543,0.9405584133795035,1.0,30235.27790686085,0.9999999999999949,1,30235.27790686085,0.9999999999999949
197,6095,SL104,Solano County,Dixon Agricultural Service Area,507.950221894206,0,1,0,0,2019,6/10/2021,0.11224381496,-121.794357241,38.4868208144,1,507.950221894206,2055601.61743164,10932.0564692514,196,2055614.2555458192,1.0,2055614.2555458196,1.0000000000000002,1.0,43206.16091137981,0.021018613193022173,1.0,1205891.6329209507,0.5866332312434538,1,2055614.2555458196,1.0000000000000002
198,6095,SL105,Solano County,Cache Slough,82596.8018649109,1,1,1,1,2019,6/10/2021,1.24916996356,-121.715943907,38.293211112,1,82596.8018649109,334257398.098145,123685.561605996,197,334256750.87339413,1.0,217301741.7126301,0.6501042720747834,1.0,1597740.6342635618,0.004779980150255022,1.0,1450116.9216016019,0.00433833248786308,1,333977632.8064904,0.9991649590736031
199,6075,SF110,City and County of San Francisco,Crosstown Trail,3.85695228616318,0,0,1,1,2019,6/10/2021,0.527549350759,-122.443462349,37.741590444,1,3.85695228616318,15608.5329589844,51237.8403077582,198,15608.505003958431,1.0,245.97583070149324,0.015759089716735328,1.0,6422.425631739272,0.41146962057612163,1.0,11240.720863002027,0.7201664003151678,1,5699.070733247722,0.36512598303312177
200,6075,SF111,City and County of San Francisco,Excelsior/OMI Trail Connections,0.472791121145995,0,0,1,1,2019,6/10/2021,0.0657243621133,-122.420862102,37.722218515,1,0.472791121145995,1913.31860351563,6282.03296117601,199,1913.3219487298256,0.0,0.0,0.0,1.0,1321.0474394879852,0.6904470208816521,1.0,968.1123871091345,0.505985094537709,1,970.3203763955391,0.507139102773422
201,6075,MULTI1,San Francisco Bay Trail Project,San Francisco Bay Trail - Bay Area Ridge Trail,0.817382042464242,0,0,1,1,2019,6/10/2021,0.109434548927,-122.460583741,37.757400721,1,0.817382042464242,3307.8251953125,10859.6871835931,200,3307.8086263027094,1.0,50.19207995990186,0.015173816151511725,1.0,747.877840811579,0.22609465217082905,1.0,3307.8086263028426,1.0000000000000402,1,171.23564430831368,0.0517670952747081
202,6095,MULTI5,"San Mateo County, on behalf of the State Coastal Conservancy",San Francisco Bay Area Water Trail,1.0332826751489,0,0,0,1,2015,07/16/2015,0.00705455350719,-122.039202742,38.238689269,1,1.0332826751489,4181.54516601563,688.56804536286,201,4181.547957293805,1.0,744.8938803159152,0.1781383085698226,1.0,1082.9854560514284,0.25899151871794146,1.0,2787.698743862487,0.6666666919364037,1,3805.605565913585,0.9100949229281301
203,6095,SL101,City of Vallejo,White Slough Wetlands Area,219.092711954281,1,0,0,1,2019,6/10/2021,0.0969854739048,-122.170999625,38.2076588524,1,219.092711954281,886636.749023438,9410.85137891487,202,886634.3940252189,1.0,886346.2043394702,0.9996749622079961,1.0,597.8521704392393,0.0006742939079151428,1.0,837225.9125406713,0.9442741204069033,1,599994.2876503352,0.6767099175190234
204,6095,SL102,City of Vallejo,Napa-Sonoma Marshes Wildlife Area,293.478828930167,1,0,0,1,2019,6/10/2021,0.129194820257,-122.276325536,38.151135106,1,293.478828930167,1187666.68408203,12223.5327739849,203,1187666.004131747,1.0,47091.85702851288,0.03965075775907198,1.0,458121.35427483264,0.3857324809172643,1.0,1174795.2892421125,0.9891630181845243,1,1150318.5134984981,0.9685538775183247
205,6095,SL103,City of Vallejo,Mare Island Open Space,4041.65404121931,1,0,0,1,2019,6/10/2021,0.380533409345,-122.298288332,38.0971781457,1,4041.65404121931,16355993.6149902,35901.4686139588,204,16355989.33961787,1.0,2812153.9390614796,0.17193419980103636,1.0,903545.870943345,0.05524250793895753,1.0,6473548.067645986,0.3957906754051008,1,13969299.443582652,0.8540785368296786
206,6013,CC101,City of Pittsburg,Northwest Waterfront,176.801184814423,0,0,0,1,2019,6/10/2021,0.074639838727,-121.918426005,38.0406454881,1,176.801184814423,715489.009033203,7011.92519856144,205,715489.9348484604,0.0,0.0,0.0,1.0,4553.003610001119,0.006363476812522091,1.0,715489.9348484604,1.0,1,715489.9348484604,1.0
207,6041,MR101,Town of Tiburon,Tiburon Open Space,253.429991077855,1,0,0,1,2019,6/10/2021,0.196071666942,-122.471912873,37.892596652,1,253.429991077855,1025594.78735352,19164.5179152769,206,1025588.5373304213,0.0,0.0,0.0,1.0,243075.51927916415,0.23701076058424272,1.0,1025588.5373304214,1.0000000000000002,1,296235.53264722193,0.28884442626310436
208,6097,SN101,City of Santa Rosa,Southast Greenway,66.6969093677844,0,0,1,1,2019,6/10/2021,0.0726063325994,-122.664378413,38.443775715,1,66.6969093677844,269912.815673828,6725.31624427053,207,269912.651600432,0.0,0.0,0.0,1.0,210465.56043154158,0.7797543360179591,1.0,269912.65160043194,0.9999999999999998,1,245756.67220675026,0.9105044567179411
